stimulus_number,label,agglomerative_avg,spectral_kmeans
1038202,target,0,1
1055025,target,0,0
1084017,target,0,0
1152401,target,0,0
1154913,target,0,1
1204336,target,0,1
1303598,target,0,1
1325540,target,0,0
135747,target,0,0
1361028,target,0,1
1361457,target,0,1
137369,target,0,1
1377011,target,0,1
1430067,target,0,1
1474554,target,0,1
1500770,target,0,1
1512885,target,1,0
1556070,target,0,1
1558811,target,0,1
1585751,target,0,1
1604178,target,0,1
1619569,target,0,1
177749,target,0,1
1784932,target,0,0
1841210,target,0,1
1881701,target,0,1
19389,target,0,0
1950306,target,0,1
1976046,target,0,1
1989589,target,0,1
2065486,target,0,0
2070670,target,0,1
2209737,target,0,0
2216495,target,0,1
2241916,target,0,1
2253127,target,0,1
2265258,target,0,0
2276260,target,0,0
2354618,target,0,1
2363886,target,0,1
2433065,target,0,1
2455086,target,0,0
2474088,target,0,0
2487625,target,0,0
2490211,target,0,0
2501681,target,0,1
2514923,target,0,0
2530401,target,0,1
2534050,target,0,1
2649655,target,0,0
2654756,target,0,1
2669502,target,0,0
2675662,target,0,1
2690790,target,0,0
270720,target,0,1
314781,target,0,1
341881,target,0,1
389188,target,0,1
393679,target,0,1
422402,target,0,1
436049,target,0,0
469558,target,0,0
514473,target,0,1
578254,target,0,1
656999,target,0,1
681938,target,0,0
710781,target,0,0
724605,target,0,0
793673,target,0,0
80741,target,0,1
854858,target,0,0
914835,target,0,1
936885,target,0,0
953491,target,0,0
996037,target,0,1
1022427,target,0,1
1050074,target,0,0
1106952,target,0,0
1128380,target,0,0
1152436,target,0,0
116637,target,0,0
1182143,target,0,0
1192087,target,0,1
1225298,target,0,0
1300288,target,0,0
1359799,target,0,1
138781,target,0,0
1480814,target,0,0
150539,target,0,0
1535124,target,0,0
1555690,target,0,0
1588337,target,0,1
164296,target,0,0
1693893,target,0,0
1702273,target,0,1
1736013,target,0,0
173924,target,0,1
1746525,target,0,0
1760150,target,0,0
1793105,target,0,1
1806338,target,0,0
1848811,target,0,0
1882578,target,0,1
1883593,target,0,1
1905895,target,0,1
1916328,target,0,1
1929764,target,0,1
1946948,target,0,0
2025857,target,0,0
2029437,target,0,0
2030905,target,0,0
2035948,target,0,0
2066255,target,0,1
2107267,target,0,0
214879,target,0,0
2204421,target,0,0
2205405,target,0,1
2212503,target,0,0
2241357,target,0,0
2260363,target,0,0
2274164,target,0,1
2357409,target,0,0
2365445,target,0,0
237223,target,0,0
2375287,target,0,0
2417183,target,0,0
2522869,target,0,0
279298,target,0,1
307913,target,0,0
32605,target,0,0
338947,target,0,0
424719,target,0,0
435296,target,0,1
592916,target,0,0
594320,target,0,1
603509,target,0,1
616206,target,0,1
6207,target,0,0
685150,target,0,1
696985,target,0,1
732981,target,0,1
744480,target,0,1
754888,target,0,0
765496,target,0,0
776327,target,0,0
780158,target,0,0
785460,target,0,1
894078,target,0,0
955718,target,0,1
988974,target,0,1
1067883,distractor,0,1
1154680,distractor,0,1
1248677,distractor,0,0
1285990,distractor,0,0
1286055,distractor,0,0
1324224,distractor,0,1
1372543,distractor,0,1
144254,distractor,0,1
1455560,distractor,0,1
1531735,distractor,0,1
1559140,distractor,0,1
1560586,distractor,0,1
1617401,distractor,0,1
1633194,distractor,0,1
1667784,distractor,1,0
1673452,distractor,0,0
1673472,distractor,0,0
1708892,distractor,0,1
1717516,distractor,0,1
1755600,distractor,0,1
1782091,distractor,0,1
1789042,distractor,0,1
1797030,distractor,0,1
1832684,distractor,0,0
1845027,distractor,0,0
185130,distractor,0,0
1879648,distractor,0,0
1893147,distractor,0,1
1921945,distractor,0,1
1974580,distractor,0,1
1995467,distractor,0,0
2034167,distractor,0,0
2097875,distractor,0,0
2098961,distractor,0,1
2118128,distractor,0,0
2152103,distractor,0,1
2184351,distractor,0,1
2204030,distractor,0,1
2262329,distractor,0,0
2380621,distractor,0,1
2416540,distractor,0,1
2456914,distractor,0,0
2457843,distractor,0,1
2514716,distractor,0,0
254758,distractor,0,1
2557564,distractor,0,0
2578028,distractor,0,1
2594432,distractor,0,1
2634690,distractor,0,0
2645024,distractor,0,0
320025,distractor,0,0
323739,distractor,0,1
33624,distractor,0,1
351794,distractor,0,1
351826,distractor,0,0
364046,distractor,0,0
390337,distractor,0,0
417922,distractor,0,1
490292,distractor,0,1
499550,distractor,0,0
503104,distractor,0,1
552066,distractor,0,0
588063,distractor,0,1
633301,distractor,0,1
63332,distractor,0,1
690453,distractor,0,1
772560,distractor,0,1
837594,distractor,0,0
83820,distractor,0,1
847501,distractor,0,0
920816,distractor,0,0
930786,distractor,0,0
933016,distractor,0,1
966129,distractor,0,1
972144,distractor,0,1
1023966,distractor,0,1
1102783,distractor,0,1
1130295,distractor,0,0
1194259,distractor,0,0
1206056,distractor,0,0
1263190,distractor,0,0
1269675,distractor,0,1
1278798,distractor,0,0
1289865,distractor,0,1
1386370,distractor,0,0
1416385,distractor,0,1
1468650,distractor,0,1
1471313,distractor,0,0
1525213,distractor,0,1
1568904,distractor,0,0
1592129,distractor,0,0
1625672,distractor,0,1
1653861,distractor,0,1
1761229,distractor,0,0
1779454,distractor,0,1
1791871,distractor,0,0
1823357,distractor,0,1
1851855,distractor,0,1
201567,distractor,0,0
2081813,distractor,0,0
2100075,distractor,0,0
2115323,distractor,0,0
212146,distractor,0,1
2209754,distractor,0,1
2233970,distractor,0,0
2248228,distractor,0,1
2273177,distractor,0,0
230438,distractor,0,0
2304969,distractor,0,0
2306490,distractor,0,0
2318346,distractor,0,0
2389297,distractor,0,1
2442361,distractor,0,0
2455734,distractor,0,1
2485538,distractor,0,1
2514632,distractor,0,0
2519736,distractor,0,1
2536695,distractor,0,1
2540015,distractor,0,1
2583835,distractor,0,1
2608377,distractor,0,1
2685736,distractor,0,0
290031,distractor,0,1
291265,distractor,0,1
334176,distractor,0,1
383122,distractor,0,0
458777,distractor,0,0
476253,distractor,0,0
524535,distractor,0,0
52957,distractor,0,0
537598,distractor,0,1
550864,distractor,0,1
606192,distractor,0,0
612648,distractor,0,1
627157,distractor,0,1
66635,distractor,0,1
708386,distractor,0,0
715678,distractor,0,1
74527,distractor,0,0
746920,distractor,0,0
770646,distractor,0,0
805150,distractor,0,1
813995,distractor,0,0
823780,distractor,0,1
832705,distractor,0,1
83647,distractor,0,0
846716,distractor,0,1
852895,distractor,0,0
876536,distractor,0,1
888164,distractor,0,0
